id,name,brand,category,price,main_image,gallery_images,colors,options,full_description,feature_details,stock_status,name_th,full_description_th,collection
BX-01-1,Darren Menditto Natty,Brand-x,Skateboard deck,3340.00,https://res.cloudinary.com/dfiomi0lb/image/upload/v1773763744/image_e251347d-9bbd-40d0-94b8-38db9ba06bc4_1024x1024_2x.jpg,"https://res.cloudinary.com/dfiomi0lb/image/upload/v1773763744/image_e251347d-9bbd-40d0-94b8-38db9ba06bc4_1024x1024_2x.jpg
https://res.cloudinary.com/dfiomi0lb/image/upload/v1773763743/image_a39610ff-5ba0-4487-b3c9-edf9babc1223_1024x1024_2x.jpg
https://res.cloudinary.com/dfiomi0lb/image/upload/v1773763735/image_70495213-cd87-4748-b86b-0176a2d36657_1024x1024_2x.jpg",Natural,Deck only,"Darren Menditto's signature pro model from Toxic Skateboards in natural wood finish. Darren Menditto was a key team rider during Toxic's golden era of the late 80s and early 90s, known for his technical street skating and pool riding versatility. The ""Natty"" version showcases the natural Canadian maple grain without colored stain. This deck features the iconic ""Cat and Mouse"" graphic—a playful design showing a cat chasing a mouse through a skate park, which became one of Toxic's most recognizable visuals. Made in the USA with 7-ply Hard Rock Canadian maple, this deck delivers the durability and pop that made Toxic a respected name in old school skateboarding. Whether you're a collector preserving skate history or a skater looking for a classic shape, this deck represents an authentic piece of 90s skate culture.","• Pro Model: Darren Menditto signature deck
• Width: 8.5 inches
• Length: 32.31 inches
• Wheelbase: 14.5 inches
• Construction: 7-ply Hard Rock Canadian maple
• Shape: Medium concave with middle rocker, new-school bolt pattern
• Finish: Natural wood stain (Natty)
• Origin: Made in USA
• Graphics: Hand screen-printed Cat and Mouse artwork
• Era: Modern reissue / Original late 80s design",1,ดาร์เรน เมนดิทโต แนตตี้,"เด็คซิกเนเจอร์รุ่นโปรของ Darren Menditto จาก Toxic Skateboards ในลายไม้ธรรมชาติ Darren Menditto เป็นนักสเก็ตคนสำคัญของทีมในยุคทองของ Toxic ช่วงปลายยุค 80s ถึงต้นยุค 90s มีชื่อเสียงด้านทักษะการเล่นสตรีทและการเล่นพูลที่หลากหลาย รุ่น ""Natty"" นี้โชว์ลายไม้เมเปิลแคนาดาแท้โดยไม่มีการย้อมสี เพิ่มความโดดเด่นด้วยกราฟิก ""Cat and Mouse"" อันเป็นเอกลักษณ์—ดีไซน์สนุกสนานที่แมวไล่จับหนูในสเก็ตพาร์ค ซึ่งกลายเป็นหนึ่งในภาพจำของ Toxic ที่แฟนๆ รู้จักกันดี ผลิตในสหรัฐอเมริกาด้วยไม้เมเปิลแคนาดา 7 ชั้นแบบ Hard Rock ให้ความทนทานและแรงดีดที่ทำให้ Toxic เป็นชื่อที่ได้รับความเคารพในวงการสเก็ตบอร์ดยุคเก่า ไม่ว่าคุณจะเป็นนักสะสมที่ต้องการเก็บรักษาประวัติศาสตร์สเก็ต หรือสเก็ตเตอร์ที่มองหารูปทรงคลาสสิก เด็ครุ่นนี้คือชิ้นงานแท้ของวัฒนธรรมสเก็ตยุค 90s",
BX-01-02,Darren Menditto Green,Brand-x,Skateboard deck,3340.00,https://res.cloudinary.com/dfiomi0lb/image/upload/v1773763743/image_a39610ff-5ba0-4487-b3c9-edf9babc1223_1024x1024_2x.jpg,"https://res.cloudinary.com/dfiomi0lb/image/upload/v1773763744/image_e251347d-9bbd-40d0-94b8-38db9ba06bc4_1024x1024_2x.jpg
https://res.cloudinary.com/dfiomi0lb/image/upload/v1773763743/image_a39610ff-5ba0-4487-b3c9-edf9babc1223_1024x1024_2x.jpg
https://res.cloudinary.com/dfiomi0lb/image/upload/v1773763735/image_70495213-cd87-4748-b86b-0176a2d36657_1024x1024_2x.jpg",Green,Deck only,"Darren Menditto's signature pro model from Toxic Skateboards in classic green stain. Darren Menditto was a cornerstone of the Toxic team throughout the brand's peak years, respected for his smooth style and ability to transition between street skating and vert ramps. This green version features the beloved ""Cat and Mouse"" graphic—a cat pursuing a mouse through a skatepark scene—which has become one of Toxic's most iconic and sought-after designs. Constructed in the USA from 7-ply Hard Rock Canadian maple, this deck offers the perfect blend of strength and flex for old school riding styles. The green stain adds a bold, era-authentic aesthetic that captures the vibrant energy of 90s skateboard culture. A must-have for collectors and a functional ride for those who appreciate classic geometry.","• Pro Model: Darren Menditto signature deck
• Width: 8.5 inches
• Length: 32.31 inches
• Wheelbase: 14.5 inches
• Construction: 7-ply Hard Rock Canadian maple
• Shape: Medium concave with middle rocker, new-school bolt pattern
• Finish: Green stain
• Origin: Made in USA
• Graphics: Hand screen-printed Cat and Mouse artwork
• Era: Modern reissue / Original late 80s design",1,ดาร์เรน เมนดิทโต กรีน,"เด็คซิกเนเจอร์โปรโมเดลของ Darren Menditto จาก Toxic Skateboards ในสีเขียวคลาสสิก Darren Menditto เป็นหนึ่งในสมาชิกหลักของทีม Toxic ในช่วงเวลาที่แบรนด์รุ่งเรือง ได้รับการยกย่องในสไตล์การเล่นที่ลื่นไหลและความสามารถในการเปลี่ยนผ่านระหว่างสตรีทสเก็ตและเวิร์ตรัมป์ รุ่นสีเขียวนี้มาพร้อมกราฟิก ""Cat and Mouse"" อันเป็นที่รัก—ภาพแมวไล่จับหนูในฉากสเก็ตพาร์ค—ซึ่งกลายเป็นหนึ่งในดีไซน์ที่โดดเด่นและเป็นที่ต้องการมากที่สุดของ Toxic ผลิตในสหรัฐอเมริกาด้วยไม้เมเปิ้ลแคนาเดียนฮาร์ดร็อก 7 ชั้น ให้ความแข็งแรงและความยืดหยุ่นที่ลงตัวสำหรับสไตล์การเล่นแบบ old school สีเขียวสเตนเพิ่มความโดดเด่นและกลิ่นอายยุค 90 ที่สะท้อนพลังงานสดใสของวัฒนธรรมสเก็ตบอร์ดยุคนั้น เหมาะสำหรับนักสะสมและผู้ที่ชื่นชอบการเล่นบอร์ดทรงคลาสสิก",
BX-02-1,Eric Conner Natty,Toxic,Skateboard deck,3340.00,https://res.cloudinary.com/dfiomi0lb/image/upload/v1773763654/Eric_natural.jpg,"https://res.cloudinary.com/dfiomi0lb/image/upload/v1773763659/Eric_purple.jpg
https://res.cloudinary.com/dfiomi0lb/image/upload/v1773763654/Eric_natural.jpg
https://res.cloudinary.com/dfiomi0lb/image/upload/v1773763659/Eric_purple.jpg
https://res.cloudinary.com/dfiomi0lb/image/upload/v1773763718/Toxic_Green_Yellow.png",Natural,Deck only,"Eric Conner's pro model from Toxic Skateboards in natural wood finish. Eric Conner was a legendary vert and pool skater who rode for Toxic during the late 80s, known for his smooth, flowing style and massive airs in transition skating. He later rode for Brand X after Dorsey Truitt's acquisition of the company. This ""Natty"" version highlights the natural beauty of the 7-ply Hard Rock Canadian maple construction, allowing the wood grain to show through. The deck features the classic small standard shape that defined the era—wider than modern popsicle sticks, designed for stability in pools, bowls, and street terrain. Made in the USA, this deck represents the craftsmanship and attention to detail that made Toxic a respected American skateboard brand. Perfect for collectors of 80s skate history or skaters seeking authentic old school feel.","• Pro Model: Eric Conner signature deck
• Width: 9.5 – 10.0 inches
• Length: 30.5 – 31.5 inches
• Wheelbase: 14.25 – 14.75 inches
• Construction: 7-ply Hard Rock Canadian maple
• Shape: Small standard / old school fishtail or rounded tail
• Finish: Natural wood (Natty)
• Origin: Made in USA
• Era: Original late 80s – early 90s
• Notes: Eric Conner also rode for Brand X after Toxic acquisition",1,อีริค คอนเนอร์ แนตตี้,"โมเดลโปรของ Eric Conner จาก Toxic Skateboards ในลายไม้ธรรมชาติ Eric Conner เป็นนักสเก็ตแนวเวิร์ตและพูลระดับตำนานที่เคยอยู่กับ Toxic ในช่วงปลายยุค 80s มีชื่อเสียงจากสไตล์การเล่นที่ลื่นไหลและท่ากระโดดสูงในสเก็ตทรานซิชัน ต่อมาเขาได้ย้ายไปเล่นให้กับ Brand X หลังจากที่ Dorsey Truitt เข้าซื้อกิจการเวิร์กช็อปของบริษัท รุ่น ""Natty"" นี้เน้นความงามตามธรรมชาติของไม้เมเปิ้ลแคนาเดียน 7 ชั้นคุณภาพสูง โชว์ลายไม้สวยงามอย่างชัดเจน เด็คมีทรงคลาสสิกขนาดมาตรฐานเล็กที่เป็นเอกลักษณ์ของยุคนั้น กว้างกว่าทรง popsicle สมัยใหม่ ออกแบบมาเพื่อความมั่นคงในการเล่นพูล โบล และสตรีท ผลิตในสหรัฐอเมริกา สะท้อนถึงฝีมือและความใส่ใจในรายละเอียดที่ทำให้ Toxic เป็นแบรนด์สเก็ตบอร์ดอเมริกันที่ได้รับความเคารพ เหมาะสำหรับนักสะสมประวัติศาสตร์สเก็ตยุค 80s หรือผู้ที่ต้องการสัมผัสฟีลลิ่ง old school แท้ๆ",
BX-02-2,Eric Conner Purple,Toxic,Skateboard deck,3340.00,https://res.cloudinary.com/dfiomi0lb/image/upload/v1773763659/Eric_purple.jpg,"https://res.cloudinary.com/dfiomi0lb/image/upload/v1773763659/Eric_purple.jpg
https://res.cloudinary.com/dfiomi0lb/image/upload/v1773763654/Eric_natural.jpg
https://res.cloudinary.com/dfiomi0lb/image/upload/v1773763659/Eric_purple.jpg
https://res.cloudinary.com/dfiomi0lb/image/upload/v1773763718/Toxic_Green_Yellow.png",Purple,Deck only,"Eric Conner's pro model from Toxic Skateboards in vibrant purple stain. Eric Conner was a vert and pool skating icon who helped define Toxic's identity during the late 80s golden era. His smooth style and consistent airs made him a fan favorite, and his signature decks remain highly collectible today. The purple stain colorway was a popular choice for Toxic's pro models, often paired with contrasting screen-printed graphics that popped against the rich purple backdrop. Built in the USA with 7-ply Hard Rock Canadian maple, this deck features the small standard shape—wider and more stable than modern popsicle sticks, ideal for transition skating and old school street riding. A true piece of skateboarding history for collectors and riders alike.","• Pro Model: Eric Conner signature deck
• Width: 9.5 – 10.0 inches
• Length: 30.5 – 31.5 inches
• Wheelbase: 14.25 – 14.75 inches
• Construction: 7-ply Hard Rock Canadian maple
• Shape: Small standard / old school fishtail or rounded tail
• Finish: Purple stain
• Origin: Made in USA
• Era: Original late 80s – early 90s
• Rarity: Purple stain models are highly sought after by collectors",1,อีริค คอนเนอร์ สีม่วง,เด็คโปรโมเดลของ Eric Conner จาก Toxic Skateboards ในสีม่วงสดใส Eric Conner เป็นไอคอนแห่งวงการเวิร์ตและพูลสเก็ตที่มีบทบาทสำคัญในการสร้างเอกลักษณ์ให้กับแบรนด์ Toxic ในยุคทองปลายยุค 80 ด้วยสไตล์การเล่นที่ลื่นไหลและท่าแอร์ที่สม่ำเสมอ ทำให้เขาเป็นขวัญใจแฟนๆ และเด็คซิกเนเจอร์ของเขายังคงเป็นที่ต้องการของนักสะสมจนถึงปัจจุบัน สีม่วงสเตนนี้เป็นหนึ่งในสีที่ได้รับความนิยมสำหรับโปรโมเดลของ Toxic มักจับคู่กับกราฟิกสกรีนสีตัดที่โดดเด่นบนพื้นหลังม่วงเข้ม ผลิตในสหรัฐอเมริกาด้วยไม้เมเปิ้ลแคนาเดียนฮาร์ดร็อก 7 ชั้น เด็คนี้มาในทรงมาตรฐานขนาดเล็ก—กว้างและมั่นคงกว่าทรงป๊อปซิเคิลสมัยใหม่ เหมาะสำหรับการเล่นทรานซิชันและสตรีทสไตล์ยุคเก่าอย่างแท้จริง ชิ้นงานประวัติศาสตร์ของวงการสเก็ตบอร์ดสำหรับทั้งนักสะสมและนักเล่น,
BX-03-1,Kyong Kim Red,Toxic,Skateboard deck,3340.00,https://res.cloudinary.com/dfiomi0lb/image/upload/v1773763669/Kim_2.jpg,"https://res.cloudinary.com/dfiomi0lb/image/upload/v1773763670/Kim_1.jpg
https://res.cloudinary.com/dfiomi0lb/image/upload/v1773763669/Kim_2.jpg
https://res.cloudinary.com/dfiomi0lb/image/upload/v1773763611/72711CD0-0AA4-4C58-9AD5-1D00689B46BA.jpg",Red,Deck only,"Kyong Kim's signature pro model from Toxic Skateboards in bold red stain. Kyong Kim was a Korean-American professional skater who rode for Toxic and Brand X during the late 80s and early 90s. As one of the few Asian-American pro skaters of his era, Kim brought unique style and technical street skating ability to the Toxic team. His decks are culturally significant and highly collectible due to his shorter pro career and cult following. This red stain version features the small standard shape—a classic old school geometry that provided stability for both street and transition skating. Crafted in the USA from 7-ply Hard Rock Canadian maple, this deck represents an important chapter in skateboarding's diverse history.","• Pro Model: Kyong Kim signature deck
• Width: 9.5 – 10.0 inches
• Length: 30.5 – 31.5 inches
• Wheelbase: 14.25 – 14.75 inches
• Construction: 7-ply Hard Rock Canadian maple
• Shape: Small standard / old school street shape
• Finish: Red stain
• Origin: Made in USA
• Era: Original late 80s – early 90s
• Notes: Kyong Kim rode for both Toxic and Brand X",1,คยองคิม เรด,โมเดลโปรซิกเนเจอร์ของคยอง คิม จาก Toxic Skateboards ในลายไม้สีแดงโดดเด่น คยอง คิม เป็นนักสเก็ตมืออาชีพชาวเกาหลี-อเมริกันที่เคยร่วมทีมกับ Toxic และ Brand X ในช่วงปลายยุค 80 ถึงต้นยุค 90 ในฐานะหนึ่งในนักสเก็ตมืออาชีพเชื้อสายเอเชีย-อเมริกันเพียงไม่กี่คนในยุคนั้น คิมได้นำสไตล์ที่เป็นเอกลักษณ์และทักษะการเล่นสตรีทสเก็ตขั้นสูงมาสู่ทีม Toxic กระดานของเขาจึงมีความสำคัญทางวัฒนธรรมและเป็นที่ต้องการของนักสะสมอย่างมาก เนื่องจากอาชีพโปรที่สั้นและฐานแฟนคลับที่เหนียวแน่น รุ่นลายไม้สีแดงนี้มาพร้อมทรงมาตรฐานขนาดเล็ก ซึ่งเป็นทรงคลาสสิกแบบ old school ที่ให้ความมั่นคงทั้งการเล่นสตรีทและทรานซิชัน ผลิตในสหรัฐอเมริกาจากไม้เมเปิ้ลแคนาดา 7 ชั้นคุณภาพสูง กระดานรุ่นนี้จึงเป็นตัวแทนบทสำคัญในประวัติศาสตร์อันหลากหลายของวงการสเก็ตบอร์ด,
BX-03-2,Kyong Kim Blue,Toxic,Skateboard deck,3340.00,https://res.cloudinary.com/dfiomi0lb/image/upload/v1773763670/Kim_1.jpg,"https://res.cloudinary.com/dfiomi0lb/image/upload/v1773763670/Kim_1.jpg
https://res.cloudinary.com/dfiomi0lb/image/upload/v1773763669/Kim_2.jpg
https://res.cloudinary.com/dfiomi0lb/image/upload/v1773763611/72711CD0-0AA4-4C58-9AD5-1D00689B46BA.jpg
https://res.cloudinary.com/dfiomi0lb/image/upload/v1773763718/Toxic_Green_Yellow.png",Blue,Deck only,"Kyong Kim's signature pro model from Toxic Skateboards in cool blue stain. Kyong Kim was a pioneering Korean-American skater who helped bridge the gap between street skating and traditional vert during the late 80s. His technical approach and smooth style earned him a place on the Toxic and Brand X teams during their most influential years. This blue stain version offers a less common colorway than the red variant, making it a standout piece for collectors. The deck features the classic small standard shape—wide, stable, and built for the diverse terrain of 80s skateboarding. Made in the USA with 7-ply Hard Rock Canadian maple, this deck is both a functional ride and a valuable piece of skate history.","• Pro Model: Kyong Kim signature deck
• Width: 9.5 – 10.0 inches
• Length: 30.5 – 31.5 inches
• Wheelbase: 14.25 – 14.75 inches
• Construction: 7-ply Hard Rock Canadian maple
• Shape: Small standard / old school street shape
• Finish: Blue stain
• Origin: Made in USA
• Era: Original late 80s – early 90s
• Rarity: Blue stain less common than red—collector's item",1,คยองคิม บลู,Kyong Kim รุ่นโปรซิกเนเจอร์จาก Toxic Skateboards ในโทนสีฟ้าเท่ห์ Kyong Kim เป็นนักสเก็ตชาวเกาหลี-อเมริกันผู้บุกเบิกที่มีบทบาทสำคัญในการเชื่อมโยงระหว่างสตรีทสเก็ตกับเวิร์ตแบบดั้งเดิมในช่วงปลายยุค 80 ด้วยเทคนิคเฉพาะตัวและสไตล์ที่ลื่นไหล เขาได้รับเลือกให้เข้าร่วมทีม Toxic และ Brand X ในช่วงเวลาที่ทั้งสองแบรนด์ทรงอิทธิพลที่สุด รุ่นสีฟ้านี้เป็นสีที่หายากกว่าสีแดง จึงเหมาะสำหรับนักสะสมที่ต้องการความโดดเด่น เด็คนี้มาในทรงคลาสสิกขนาดมาตรฐานขนาดเล็ก—กว้าง มั่นคง และออกแบบมาเพื่อรองรับทุกสภาพพื้นผิวของการเล่นสเก็ตยุค 80 ผลิตในสหรัฐอเมริกาด้วยไม้เมเปิ้ลแคนาเดียนฮาร์ดร็อค 7 ชั้น แข็งแรงทนทาน เหมาะทั้งสำหรับการใช้งานจริงและเป็นชิ้นงานประวัติศาสตร์ของวงการสเก็ตบอร์ด,
BX-04-1,Chuck Treece Black,Toxic,Skateboard deck,3340.00,https://res.cloudinary.com/dfiomi0lb/image/upload/v1773763639/Chuck_black.jpg,"https://res.cloudinary.com/dfiomi0lb/image/upload/v1773763645/Chuck_blue.jpg
https://res.cloudinary.com/dfiomi0lb/image/upload/v1773763639/Chuck_black.jpg
https://res.cloudinary.com/dfiomi0lb/image/upload/v1773763645/Chuck_blue.jpg",Black,Deck only,"Chuck Treece's signature pro model from Toxic Skateboards in classic black stain. Chuck Treece is a legendary figure in both skateboarding and music—a professional skater who also drummed for Bad Brains, McRad, and countless other influential punk and hardcore bands. During the late 80s, Treece rode for Toxic and Brand X, bringing a raw punk rock energy to the team. This black stain deck reflects his no-nonsense aesthetic and features the small standard shape that was the backbone of 80s street and pool skating. Constructed in the USA with 7-ply Hard Rock Canadian maple, this deck is a crossover collectible, prized by both skateboarders and music fans who appreciate Treece's unique dual legacy.","• Pro Model: Chuck Treece signature deck
• Width: 9.5 – 10.0 inches
• Length: 30.5 – 31.5 inches
• Wheelbase: 14.25 – 14.75 inches
• Construction: 7-ply Hard Rock Canadian maple
• Shape: Small standard / old school street and pool shape
• Finish: Black stain
• Origin: Made in USA
• Era: Original late 80s – early 90s
• Notes: Chuck Treece is also a renowned drummer (Bad Brains, McRad)",1,ชัค ทรีซ รุ่นแบล็ก,"โมเดลโปรซิกเนเจอร์ของ Chuck Treece จาก Toxic Skateboards ในลายไม้สีดำสุดคลาสสิก Chuck Treece คือบุคคลในตำนานทั้งในวงการสเก็ตบอร์ดและดนตรี เป็นนักสเก็ตมืออาชีพที่ยังเป็นมือกลองให้กับวง Bad Brains, McRad และวงพังก์ฮาร์ดคอร์ชื่อดังอีกมากมาย ในช่วงปลายยุค 80s Treece เคยเป็นนักสเก็ตของ Toxic และ Brand X นำพลังดิบของพังก์ร็อกมาสู่ทีม เด็คสีดำนี้สะท้อนสไตล์เรียบง่ายแต่โดดเด่นของเขา พร้อมรูปทรงมาตรฐานขนาดเล็กที่เป็นหัวใจของการเล่นสตรีทและพูลในยุค 80s ผลิตในสหรัฐอเมริกาด้วยไม้เมเปิ้ลแคนาเดียน 7 ชั้นคุณภาพสูง เด็คนี้จึงเป็นของสะสมที่นักสเก็ตและแฟนเพลงต่างชื่นชอบ เพราะสะท้อนถึงตำนานสองสายของ Treece ได้อย่างลงตัว",
BX-04-2,Chuck Treece Blue,Toxic,Skateboard deck,3340.00,https://res.cloudinary.com/dfiomi0lb/image/upload/v1773763645/Chuck_blue.jpg,"https://res.cloudinary.com/dfiomi0lb/image/upload/v1773763645/Chuck_blue.jpg
https://res.cloudinary.com/dfiomi0lb/image/upload/v1773763639/Chuck_black.jpg
https://res.cloudinary.com/dfiomi0lb/image/upload/v1773763645/Chuck_blue.jpg",Blue,Deck only,"Chuck Treece's signature pro model from Toxic Skateboards in striking blue stain. Chuck Treece's influence extends beyond skateboarding into the world of punk and hardcore music—he's a professional drummer who has played with Bad Brains, McRad, and many others. This blue stain version offers an alternative colorway to the more common black deck, making it a rarer find for collectors. The small standard shape represents the classic old school geometry that Treece and his Toxic teammates rode during the brand's peak years. Made in the USA from 7-ply Hard Rock Canadian maple, this deck embodies the crossover spirit of 80s skate culture where music and skateboarding were deeply intertwined.","• Pro Model: Chuck Treece signature deck
• Width: 9.5 – 10.0 inches
• Length: 30.5 – 31.5 inches
• Wheelbase: 14.25 – 14.75 inches
• Construction: 7-ply Hard Rock Canadian maple
• Shape: Small standard / old school street and pool shape
• Finish: Blue stain
• Origin: Made in USA
• Era: Original late 80s – early 90s
• Rarity: Blue stain variant is less common than black",1,ชัค ทรีซ บลู,"โมเดลโปรซิกเนเจอร์ของ Chuck Treece จาก Toxic Skateboards ในสีฟ้าโดดเด่น Chuck Treece ไม่ได้มีอิทธิพลแค่ในวงการสเก็ตบอร์ดเท่านั้น แต่ยังเป็นมือกลองมืออาชีพที่มีผลงานร่วมกับวงดนตรีแนวพังก์และฮาร์ดคอร์ชื่อดังอย่าง Bad Brains, McRad และอีกมากมาย รุ่นสีฟ้านี้เป็นอีกหนึ่งทางเลือกที่แตกต่างจากเด็คสีดำแบบดั้งเดิม ทำให้เป็นไอเท็มหายากสำหรับนักสะสม ทรงมาตรฐานขนาดเล็กนี้สะท้อนรูปทรงคลาสสิกแบบ old school ที่ Treece และทีม Toxic ใช้ในยุคทองของแบรนด์ ผลิตในสหรัฐอเมริกาจากไม้เมเปิ้ลแคนาดา 7 ชั้นคุณภาพสูง เด็คนี้ถ่ายทอดจิตวิญญาณแห่งการผสมผสานระหว่างดนตรีและสเก็ตบอร์ดในยุค 80 ได้อย่างสมบูรณ์แบบ",
BX-05,Acid Rain ,Toxic,Skateboard deck,4095.00,https://res.cloudinary.com/dfiomi0lb/image/upload/v1773763719/Toxic-Acid-Rain-Deck-8-75-Grey-Dip.jpg,"https://res.cloudinary.com/dfiomi0lb/image/upload/v1773763616/Acid_rain_Grey.jpg
",Grey,Deck only,"The Acid Rain deck from Toxic Skateboards—a shape, not a rider model—representing one of Toxic's most iconic and functional molds. The name ""Acid Rain"" reflects the edgy, environmentally-conscious branding of late 80s skate culture. This deck features the renowned Acid Rain mold with double kick aggressive concave, designed for versatility across street, pool, and transition terrain. Available in the Grey Dip colorway, this deck delivers the perfect balance of stability and responsiveness. Crafted in the USA with 7-ply Hard Rock Canadian maple, the Acid Rain shape was a favorite among Toxic team riders and remains highly sought after by old school enthusiasts. Whether you're riding it or adding it to a collection, this deck represents the pinnacle of Toxic's functional design.","• Model: Acid Rain (signature shape, not rider model)
• Width: 8.75 – 9.75 inches
• Length: 31.75 – 32.25 inches
• Wheelbase: 14.5 inches
• Construction: 7-ply Hard Rock Canadian maple
• Shape: Double kick aggressive concave, Acid Rain mold
• Finish: Grey Dip
• Origin: Made in USA
• Era: Original late 80s / Modern reissue
• Notes: One of Toxic's most versatile and beloved shapes",1,ฝนกรด,"เด็ค Acid Rain จาก Toxic Skateboards — รูปทรงเด็คที่เป็นเอกลักษณ์ ไม่ใช่รุ่นของนักสเก็ต — ถือเป็นหนึ่งในโมลด์ที่โดดเด่นและใช้งานได้หลากหลายที่สุดของ Toxic ชื่อ ""Acid Rain"" สะท้อนถึงแบรนด์ที่มีความดุดันและใส่ใจสิ่งแวดล้อมในยุคปลาย 80s เด็คนี้มาพร้อมกับโมลด์ Acid Rain อันเลื่องชื่อ ดีไซน์ double kick และ concave ที่โค้งลึก เหมาะสำหรับการเล่นทั้งสตรีท พูล และทรานซิชัน มีให้เลือกในสี Grey Dip ให้ความสมดุลระหว่างความมั่นคงและการตอบสนองที่ยอดเยี่ยม ผลิตในสหรัฐอเมริกาด้วยไม้เมเปิ้ลแคนาดา 7 ชั้นคุณภาพสูง ทรง Acid Rain นี้เคยเป็นที่ชื่นชอบของทีม Toxic และยังคงเป็นที่ต้องการของนักสะสมสาย old school ไม่ว่าคุณจะนำไปเล่นหรือสะสม เด็คนี้คือสุดยอดแห่งดีไซน์ที่ใช้งานได้จริงของ Toxic",
BX-06,Top Secret,Toxic,Skateboard deck,4095.00,https://res.cloudinary.com/dfiomi0lb/image/upload/v1773763653/E2395755-7418-4DF0-8DBE-101068304A9F.jpg,"https://res.cloudinary.com/dfiomi0lb/image/upload/v1773763662/image_63db8692-eed4-4c33-b3e0-9948ce399995_1024x1024_2x.jpg
https://res.cloudinary.com/dfiomi0lb/image/upload/v1773763653/E2395755-7418-4DF0-8DBE-101068304A9F.jpg
https://res.cloudinary.com/dfiomi0lb/image/upload/v1773763637/CD19BB71-4DB8-44BD-8EBA-71347ABD3468.jpg
https://res.cloudinary.com/dfiomi0lb/image/upload/v1773763616/B0DA169C-7D69-446F-AD6B-DC6BC3F5E100.jpg
https://res.cloudinary.com/dfiomi0lb/image/upload/v1773763598/2B3CEEFA-3DEB-43B0-B4FC-3792D73940C8.jpg
https://res.cloudinary.com/dfiomi0lb/image/upload/v1773763597/2A7FAF8F-26FB-4C53-8D5F-60F5380C7F9C.jpg
https://res.cloudinary.com/dfiomi0lb/image/upload/v1773763718/Toxic_Green_Yellow.png",Graphic,Deck only,"The Top Secret deck from Toxic Skateboards—a mysterious and edgy model from the brand's late 80s catalog. The ""Top Secret"" name fits Toxic's military-adjacent, rebellious branding aesthetic, often featuring classified document-style graphics or blacked-out designs. This deck is a team or shape model rather than a rider signature, making it a unique piece for collectors who appreciate Toxic's broader catalog beyond pro models. Built in the USA with 7-ply Hard Rock Canadian maple, the Top Secret deck features classic old school geometry suitable for street, pool, and ramp skating. The graphic-heavy presentation includes multiple design elements that capture the raw, unapologetic spirit of 80s skateboarding.","• Model: Top Secret (team / shape model)
• Width: 9.0 – 9.75 inches
• Length: 31.5 – 32.25 inches
• Wheelbase: 14.25 – 14.5 inches
• Construction: 7-ply Hard Rock Canadian maple
• Shape: Old school street and pool shape, double kick
• Finish: Graphic / Multi-color
• Origin: Made in USA
• Era: Original late 80s – early 90s
• Notes: Less documented than pro models—potentially a rarer find",1,ท็อปซีเคร็ต,"เด็ค Top Secret จาก Toxic Skateboards—โมเดลลึกลับและเท่จากแคตตาล็อกปลายยุค 80 ของแบรนด์ Toxic ชื่อ ""Top Secret"" สะท้อนภาพลักษณ์แบรนด์ที่มีความดิบและขบถในสไตล์ทหาร มักมาพร้อมกราฟิกแนวเอกสารลับหรือดีไซน์ปิดทึบ เด็คนี้เป็นรุ่นทีม หรือรุ่นทรงพิเศษ ไม่ใช่รุ่นซิกเนเจอร์ของนักสเก็ต ทำให้เป็นชิ้นสะสมที่โดดเด่นสำหรับผู้ที่ชื่นชอบคอลเลกชันของ Toxic ที่หลากหลายมากกว่ารุ่นโปร ผลิตในสหรัฐอเมริกาด้วยไม้เมเปิ้ลแคนาดา 7 ชั้นคุณภาพสูง โครงสร้างแบบ old school คลาสสิก เหมาะสำหรับการเล่นสตรีท พูล และแรมป์ ดีไซน์กราฟิกจัดเต็มด้วยองค์ประกอบหลากหลาย ถ่ายทอดจิตวิญญาณดิบและไร้ข้อจำกัดของสเก็ตบอร์ดยุค 80 ได้อย่างสมบูรณ์แบบ",
BX-07,Denny Riordon RED,Toxic,Skateboard deck,4095.00,https://res.cloudinary.com/dfiomi0lb/image/upload/v1773763647/Denny_Red.jpg,"https://res.cloudinary.com/dfiomi0lb/image/upload/v1773763646/Denny_Modern_Red.png
https://res.cloudinary.com/dfiomi0lb/image/upload/v1773763637/CCEFF993-4983-4FCA-953D-2DD8ED4C38C6.jpg",Red,Deck only,"Denny Riordon's signature pro model from Toxic Skateboards in bold red stain. Denny Riordon (sometimes spelled ""Riordan"") was a Toxic team rider during the late 80s, known for his aggressive pool and vert skating style. His decks represent Toxic's deep roster of transition specialists from skateboarding's golden era. This red stain version features the classic old school shape—wide, stable, and built for carving pools and ramps with confidence. Crafted in the USA from 7-ply Hard Rock Canadian maple, this deck is a genuine piece of vert skate history. Denny Riordon's decks are rarer than some other Toxic pro models due to his relatively shorter pro career, making this a valuable find for serious collectors.","• Pro Model: Denny Riordon signature deck
• Width: 9.5 – 10.0 inches
• Length: 31.0 – 31.75 inches
• Wheelbase: 14.25 – 14.5 inches
• Construction: 7-ply Hard Rock Canadian maple
• Shape: Old school pool and vert shape, likely fishtail
• Finish: Red stain
• Origin: Made in USA
• Era: Original late 80s
• Rarity: Denny Riordon decks are less common than other Toxic pro models",1,เดนนี่ ริออร์ดอน เรด,"เด็คซิกเนเจอร์โปรโมเดลของ Denny Riordon จาก Toxic Skateboards ในสีแดงสดสะดุดตา Denny Riordon (บางครั้งสะกดว่า ""Riordan"") เป็นนักสเก็ตทีม Toxic ในช่วงปลายยุค 80s ที่มีชื่อเสียงในสไตล์การเล่นพูลและเวิร์ตที่ดุดัน เด็คของเขาสะท้อนถึงทีมผู้เชี่ยวชาญด้านทรานซิชันของ Toxic จากยุคทองของสเก็ตบอร์ด รุ่นสีแดงนี้มาพร้อมทรงคลาสสิกแบบ old school—กว้าง มั่นคง ออกแบบมาเพื่อการเล่นพูลและแรมป์อย่างมั่นใจ ผลิตในสหรัฐอเมริกาจากไม้เมเปิ้ลแคนาเดียน 7 ชั้นคุณภาพสูง เด็คนี้ถือเป็นชิ้นส่วนประวัติศาสตร์ของวงการเวิร์ตสเก็ต เด็คของ Denny Riordon หายากกว่าโปรโมเดลอื่น ๆ ของ Toxic เนื่องจากอาชีพโปรที่สั้นกว่า จึงเหมาะอย่างยิ่งสำหรับนักสะสมตัวจริง",
BX-08-1,Phase lll Green,Brand-x,Skateboard deck,4280.00,https://res.cloudinary.com/dfiomi0lb/image/upload/v1773763687/phase_3_Green.png,"https://res.cloudinary.com/dfiomi0lb/image/upload/v1773763625/Brand_x_phrase_3.jpg
https://res.cloudinary.com/dfiomi0lb/image/upload/v1773763659/F6A8C2FD-C73F-426E-93F1-8239A81337F1.jpg",Green,Deck only,"Phase III deck from Brand X Skateboards in green stain. The Phase series (Phase I, II, III) represented different concave profiles and geometries within Brand X's lineup—Phase III being the most advanced and aggressive of the three. Brand X was purchased by Dorsey Truitt (founder of Toxic) in 1986, creating a deep connection between the two iconic brands. This green stain deck features the Phase III mold, offering medium-to-aggressive concave suited for technical street skating and responsive transition riding. Made in the USA with 7-ply Hard Rock Canadian maple, this deck showcases Brand X's commitment to functional design and quality American craftsmanship. A solid choice for riders who want authentic old school performance.","• Model: Phase III (shape/mold series)
• Brand: Brand X Skateboards
• Width: 8.75 – 9.5 inches
• Length: 31.5 – 32.0 inches
• Wheelbase: 14.25 – 14.5 inches
• Construction: 7-ply Hard Rock Canadian maple
• Shape: Phase III mold—medium-to-aggressive concave
• Finish: Green stain
• Origin: Made in USA
• Era: Original late 80s – early 90s
• Notes: Brand X acquired by Toxic founder Dorsey Truitt in 1986",,เฟสทรี กรีน,"เด็ค Phase III จาก Brand X Skateboards สีเขียวสเตน รุ่น Phase series (Phase I, II, III) มีความแตกต่างกันในเรื่องของรูปทรงและความโค้ง โดย Phase III เป็นรุ่นที่ล้ำสมัยและดุดันที่สุดในทั้งสามรุ่น Brand X ถูกซื้อกิจการโดย Dorsey Truitt (ผู้ก่อตั้ง Toxic) ในปี 1986 ทำให้เกิดความเชื่อมโยงลึกซึ้งระหว่างสองแบรนด์ระดับตำนาน เด็คสีเขียวสเตนนี้ใช้แม่พิมพ์ Phase III ที่ให้ความโค้งระดับกลางถึงดุดัน เหมาะสำหรับการเล่นสตรีทเทคนิคและการขี่ทรานซิชันที่ตอบสนองได้ดี ผลิตในสหรัฐอเมริกาด้วยไม้เมเปิ้ลแคนาดา 7 ชั้นคุณภาพสูง สะท้อนถึงความมุ่งมั่นของ Brand X ในด้านดีไซน์ที่ใช้งานได้จริงและฝีมือการผลิตแบบอเมริกันแท้ ตัวเลือกที่ยอดเยี่ยมสำหรับนักสเก็ตที่ต้องการประสบการณ์แบบ old school แท้ๆ",
BX-08-2,Phase lll Black,Brand-x,Skateboard deck,4280.00,https://res.cloudinary.com/dfiomi0lb/image/upload/v1773763688/Phase_3_Black.png,https://res.cloudinary.com/dfiomi0lb/image/upload/v1773763688/Phase_3_Black.png,Black,Deck only,"Phase III deck from Brand X Skateboards in sleek black stain. The Phase III mold was the most advanced in Brand X's Phase series, offering a more aggressive concave profile suitable for skaters who demanded precise control and responsiveness. Brand X has deep roots in skate history, having been acquired by Toxic Skateboards founder Dorsey Truitt in 1986, linking the two brands through shared craftsmanship and team riders. This black stain version presents a clean, minimal aesthetic that highlights the deck's functional shape. Built in the USA from 7-ply Hard Rock Canadian maple, the Phase III Black is a versatile old school deck that performs well in both street and transition settings.","• Model: Phase III (shape/mold series)
• Brand: Brand X Skateboards
• Width: 8.75 – 9.5 inches
• Length: 31.5 – 32.0 inches
• Wheelbase: 14.25 – 14.5 inches
• Construction: 7-ply Hard Rock Canadian maple
• Shape: Phase III mold—medium-to-aggressive concave
• Finish: Green stain
• Origin: Made in USA
• Era: Original late 80s – early 90s
• Notes: Brand X acquired by Toxic founder Dorsey Truitt in 1986",1,เฟสทรี แบล็ก,Phase III เด็คจาก Brand X Skateboards ในสีดำสุดเท่ ตัวแม่พิมพ์ Phase III ถือเป็นรุ่นที่ล้ำหน้าที่สุดในซีรีส์ Phase ของ Brand X ด้วยโปรไฟล์เว้าลึกที่ออกแบบมาเพื่อสเกตเตอร์ที่ต้องการการควบคุมและการตอบสนองที่แม่นยำ Brand X มีประวัติศาสตร์ยาวนานในวงการสเกตบอร์ด โดยถูกควบรวมกับผู้ก่อตั้ง Toxic Skateboards อย่าง Dorsey Truitt ในปี 1986 เชื่อมโยงสองแบรนด์ผ่านฝีมือการผลิตและทีมไรเดอร์ร่วมกัน รุ่นสีดำนี้โดดเด่นด้วยดีไซน์เรียบหรู เน้นรูปทรงที่ใช้งานได้จริง ผลิตในสหรัฐอเมริกาจากไม้เมเปิ้ลแคนาดา 7 ชั้นคุณภาพสูง Phase III Black เป็นเด็คสไตล์ old school ที่ใช้งานได้หลากหลาย เหมาะทั้งสำหรับเล่นบนถนนและในสนามทรานซิชัน,
BX-09,Josh Marlowe Hammerhead,Brand-x,Skateboard deck,4280.00,https://res.cloudinary.com/dfiomi0lb/image/upload/v1773763660/FE4297D7-6E2D-491F-B503-979FBD3EEA3B.jpg,"https://res.cloudinary.com/dfiomi0lb/image/upload/v1773763660/High_Energy_vertical.png
https://res.cloudinary.com/dfiomi0lb/image/upload/v1773763660/FE4297D7-6E2D-491F-B503-979FBD3EEA3B.jpg
https://res.cloudinary.com/dfiomi0lb/image/upload/v1773763652/e19bee1a854e262b37acd989320980a2.jpg
https://res.cloudinary.com/dfiomi0lb/image/upload/v1773763628/AB9FE39A-B415-440B-A724-1C2B8EC448D6.jpg",Silver,Deck only,"Josh Marlowe's signature pro model from Brand X Skateboards, featuring the distinctive ""Hammerhead"" design. Josh Marlowe was a Brand X team rider during the late 80s and early 90s, known for his powerful, aggressive style. The ""Hammerhead"" name likely refers to either the graphic (featuring a hammerhead shark) or an exaggerated nose/tail shape that gave the deck its distinctive character. This silver-finish deck showcases the bold artwork and functional design that defined Brand X during its peak years. Crafted in the USA with 7-ply Hard Rock Canadian maple, the Josh Marlowe Hammerhead is a rare find—his pro models are among the less common Brand X decks, making this a valuable piece for collectors of late 80s skate history.","• Pro Model: Josh Marlowe signature deck
• Brand: Brand X Skateboards
• Width: 9.0 – 9.75 inches
• Length: 31.5 – 32.25 inches
• Wheelbase: 14.25 – 14.5 inches
• Construction: 7-ply Hard Rock Canadian maple
• Shape: Old school street and pool shape, possible unique nose profile
• Finish: Silver / Graphic
• Origin: Made in USA
• Era: Original late 80s – early 90s
• Rarity: Josh Marlowe decks are among the rarer Brand X pro models",1,จอช มาร์โลว์ แฮมเมอร์เฮด,"โมเดลโปรซิกเนเจอร์ของ Josh Marlowe จาก Brand X Skateboards มาพร้อมดีไซน์ ""Hammerhead"" อันเป็นเอกลักษณ์ Josh Marlowe เป็นนักสเก็ตทีม Brand X ในช่วงปลายยุค 80s ถึงต้น 90s มีชื่อเสียงในสไตล์การเล่นที่ทรงพลังและดุดัน ชื่อ ""Hammerhead"" อาจมาจากกราฟิกที่มีฉลามหัวค้อนหรือรูปทรงจมูกและหางที่โดดเด่นซึ่งทำให้เด็คนี้มีลักษณะเฉพาะ Deck สีเงินนี้โดดเด่นด้วยงานศิลปะที่กล้าหาญและดีไซน์ที่ใช้งานได้จริง ซึ่งเป็นเอกลักษณ์ของ Brand X ในยุคทอง ผลิตในสหรัฐอเมริกาด้วยไม้เมเปิ้ลแคนาดา 7 ชั้นคุณภาพสูง Josh Marlowe Hammerhead ถือเป็นของหายาก—โมเดลโปรของเขาเป็นหนึ่งในเด็ค Brand X ที่พบได้น้อย เหมาะสำหรับนักสะสมที่ชื่นชอบประวัติศาสตร์สเก็ตบอร์ดยุคปลาย 80s",
BX-10,Ripstik IREISSUE PIG,Brand-x,Skateboard deck,4280.00,https://res.cloudinary.com/dfiomi0lb/image/upload/v1773763609/077DC0C2-5E05-4092-ABDC-6DBB3DB6FBB5.jpg,"https://res.cloudinary.com/dfiomi0lb/image/upload/v1773763597/7bc405a44b6e4327110f39f6506fdb4a.png
https://res.cloudinary.com/dfiomi0lb/image/upload/v1773763630/C4AEB272-F92F-4159-91CA-73EB2DFF376C.jpg",Blue,Deck only,"The Ripstik IREISSUE PIG deck from Brand X Skateboards—a modern reissue of a classic model with the ""PIG"" sub-brand treatment. The Ripstik name references a classic Brand X shape, while ""IREISSUE"" is a stylized label indicating this is part of Brand X's reissue program. The PIG series features punk-inspired pig mascot graphics that capture the rebellious, anti-authoritarian spirit of late 80s skate culture. This blue stain deck is built in the USA with 7-ply Hard Rock Canadian maple, delivering authentic old school feel with modern construction quality. Perfect for collectors who want classic Brand X graphics without hunting down fragile original decks, or for skaters who appreciate vintage shapes.","• Model: Ripstik IREISSUE PIG
• Brand: Brand X Skateboards
• Width: 9.5 – 10.0 inches
• Length: 31.0 – 32.0 inches
• Wheelbase: 14.25 – 14.5 inches
• Construction: 7-ply Hard Rock Canadian maple
• Shape: Old school reissue shape, double kick
• Finish: Blue stain / PIG graphic
• Origin: Made in USA
• Era: Modern reissue (2010s–2020s)
• Notes: Part of Brand X's reissue program bringing back classic graphics",1,ริปสติก รุ่นรีอิชชู พิก,"Ripstik IREISSUE PIG เด็คจาก Brand X Skateboards คือการนำโมเดลคลาสสิกกลับมาผลิตใหม่ในสไตล์โมเดิร์น พร้อมดีไซน์ภายใต้ซับแบรนด์ ""PIG"" ชื่อ Ripstik อ้างอิงถึงทรงบอร์ดสุดคลาสสิกของ Brand X ขณะที่ ""IREISSUE"" เป็นฉลากที่บ่งบอกว่าสินค้าชิ้นนี้อยู่ในโปรแกรมนำกลับมาผลิตใหม่ของแบรนด์ ซีรีส์ PIG โดดเด่นด้วยกราฟิกมาสคอตหมูในสไตล์พังก์ สะท้อนจิตวิญญาณแห่งการต่อต้านและอิสระของวัฒนธรรมสเก็ตยุคปลาย 80s เด็คสีฟ้าผลิตในสหรัฐอเมริกา ด้วยไม้เมเปิ้ลแคนาเดียนฮาร์ดร็อก 7 ชั้น ให้สัมผัสแบบออริจินัลสไตล์ old school ผสานคุณภาพการผลิตยุคใหม่ เหมาะสำหรับนักสะสมที่ต้องการกราฟิกคลาสสิกของ Brand X โดยไม่ต้องตามหาของเดิมที่เปราะบาง หรือสำหรับนักสเก็ตที่ชื่นชอบทรงวินเทจ",
BX-11-1,Max Ray Man REISSUE Green,Brand-x,Skateboard deck,4280.00,https://res.cloudinary.com/dfiomi0lb/image/upload/v1773763680/Max_Ray_Man_Green.png,https://res.cloudinary.com/dfiomi0lb/image/upload/v1773763610/24289DEF-840D-4F23-A002-92C4D368ECC9.jpg,Green,Deck only,"Max Ray Man REISSUE deck from Brand X Skateboards in classic green stain. Max Ray Man was a Brand X character graphic series featuring sci-fi and superhero-inspired artwork that became a fan favorite during the brand's original run. This modern reissue brings back that iconic graphic with updated construction—7-ply Hard Rock Canadian maple made in the USA. The green stain provides an era-authentic backdrop for the screen-printed Max Ray Man artwork. This deck appeals to collectors who remember the original 80s graphics and to skaters who want a functional old school ride with a playful, nostalgic design.","• Model: Max Ray Man REISSUE
• Brand: Brand X Skateboards
• Width: 8.5 – 9.0 inches
• Length: 31.5 – 32.25 inches
• Wheelbase: 14.25 – 14.5 inches
• Construction: 7-ply Hard Rock Canadian maple
• Shape: Modern reissue shape—updated old school geometry
• Finish: Green stain / Max Ray Man graphic
• Origin: Made in USA
• Era: Modern reissue (2010s–2020s)
• Notes: Sci-fi/superhero inspired graphic series",1,แม็กซ์เรย์แมน รีอิชชู สีเขียว,Max Ray Man REISSUE เด็คจาก Brand X Skateboards ในสีเขียวคลาสสิก เด็คนี้นำเสนอกราฟิกตัวละคร Max Ray Man ซึ่งเป็นซีรีส์กราฟิกแนวไซไฟและซูเปอร์ฮีโร่ที่ได้รับความนิยมอย่างมากในยุคแรกของแบรนด์ รุ่นรีอิชชูนี้นำกราฟิกอันเป็นเอกลักษณ์กลับมาอีกครั้ง พร้อมโครงสร้างที่อัปเดต—ผลิตจากไม้เมเปิ้ลแคนาเดียน 7 ชั้นคุณภาพสูง ผลิตในสหรัฐอเมริกา สีเขียวสเตนให้ความรู้สึกย้อนยุคอย่างแท้จริงสำหรับงานกราฟิก Max Ray Man แบบสกรีน เหมาะสำหรับนักสะสมที่ชื่นชอบกราฟิกยุค 80s ดั้งเดิม และนักสเก็ตที่ต้องการเด็คสไตล์วินเทจที่ใช้งานได้จริง พร้อมดีไซน์สนุกสนานและเต็มไปด้วยกลิ่นอายแห่งความทรงจำ,
BX-11-2,Max Ray Man REISSUE Orange,Brand-x,Skateboard deck,4280.00,https://res.cloudinary.com/dfiomi0lb/image/upload/v1773763681/MAx_Ray_Man_Orange.png,"https://res.cloudinary.com/dfiomi0lb/image/upload/v1773763610/24289DEF-840D-4F23-A002-92C4D368ECC9.jpg,


",Orange,Deck only,"Max Ray Man REISSUE deck from Brand X Skateboards in vibrant orange stain. The Max Ray Man series was one of Brand X's most beloved graphic lines, featuring sci-fi and superhero themes that stood out on skate shop walls in the late 80s and early 90s. This modern reissue brings the character back in an eye-catching orange stain—a less common colorway that makes this deck particularly distinctive. Built in the USA with 7-ply Hard Rock Canadian maple, this deck combines vintage artwork with modern construction quality. Ideal for collectors completing their Max Ray Man set or skaters who want a unique old school deck with personality.","• Model: Max Ray Man REISSUE
• Brand: Brand X Skateboards
• Width: 8.5 – 9.0 inches
• Length: 31.5 – 32.25 inches
• Wheelbase: 14.25 – 14.5 inches
• Construction: 7-ply Hard Rock Canadian maple
• Shape: Modern reissue shape—updated old school geometry
• Finish: Green stain / Max Ray Man graphic
• Origin: Made in USA
• Era: Modern reissue (2010s–2020s)
• Notes: Sci-fi/superhero inspired graphic series",1,แม็กซ์เรย์แมน รีอิชชู สีส้ม,เด็ค Max Ray Man REISSUE จาก Brand X Skateboards ในสีส้มสดใส โดดเด่นด้วยลายกราฟิกแนวไซไฟและซูเปอร์ฮีโร่ที่เป็นเอกลักษณ์ หนึ่งในซีรีส์ที่ได้รับความนิยมสูงสุดของ Brand X ซึ่งเคยสร้างความประทับใจบนผนังร้านสเก็ตบอร์ดในช่วงปลายยุค 80s ถึงต้นยุค 90s รุ่นรีอิชชู่นี้นำคาแรกเตอร์ Max Ray Man กลับมาอีกครั้งในโทนสีส้มที่หายาก เพิ่มความโดดเด่นไม่เหมือนใคร ผลิตในสหรัฐอเมริกาด้วยไม้เมเปิ้ลแคนาเดียน 7 ชั้นคุณภาพสูง แข็งแรงทนทาน ผสมผสานงานศิลป์วินเทจกับมาตรฐานการผลิตสมัยใหม่อย่างลงตัว เหมาะสำหรับนักสะสมที่ต้องการเติมเต็มคอลเลกชัน Max Ray Man หรือสเก็ตเตอร์ที่มองหาเด็คสไตล์วินเทจที่มีเอกลักษณ์เฉพาะตัว,
BX-12-1,RiotStick REISSUE Green,Brand-x,Skateboard deck,4280.00,https://res.cloudinary.com/dfiomi0lb/image/upload/v1773763693/Riot_Stick_Green.png,"https://res.cloudinary.com/dfiomi0lb/image/upload/v1773763694/Riot_Stick_Red_Stain.png
https://res.cloudinary.com/dfiomi0lb/image/upload/v1773763700/Riot_Stick_White.png
https://res.cloudinary.com/dfiomi0lb/image/upload/v1773763693/Riot_Stick_Green.png",Green,Deck only,"RiotStick REISSUE deck from Brand X Skateboards in green stain. The RiotStick was a model or sub-series within Brand X's lineup, named for its aggressive punk-inspired aesthetic. ""Riot"" fits perfectly with Brand X's rebellious 80s branding, and this modern reissue brings that attitude back for a new generation. The green stain version features bold screen-printed graphics that pop against the wood backdrop. Crafted in the USA with 7-ply Hard Rock Canadian maple, this deck delivers authentic old school performance with the durability of modern construction. A great choice for skaters who want a vintage shape with a punk edge, and for collectors adding to their Brand X reissue collection.","• Model: RiotStick REISSUE
• Brand: Brand X Skateboards
• Width: 8.75 – 9.5 inches
• Length: 31.5 – 32.25 inches
• Wheelbase: 14.25 – 14.5 inches
• Construction: 7-ply Hard Rock Canadian maple
• Shape: Old school reissue shape, double kick
• Finish: Green stain / RiotStick graphic
• Origin: Made in USA
• Era: Modern reissue (2010s–2020s)
• Notes: Part of Brand X's effort to bring back their complete classic catalog",1,ไรออทสติ๊ก รีอิชชู สีเขียว,เด็ค RiotStick REISSUE จาก Brand X Skateboards สีเขียวสเตน รุ่น RiotStick เป็นหนึ่งในซีรีส์ที่โดดเด่นของ Brand X ด้วยดีไซน์ที่ได้รับแรงบันดาลใจจากพังก์สุดดุดัน “Riot” สะท้อนตัวตนแห่งความขบถในยุค 80 ของ Brand X ได้อย่างลงตัว และการนำกลับมาผลิตใหม่ในเวอร์ชันนี้ก็ช่วยปลุกจิตวิญญาณนั้นให้กลับมาอีกครั้งสำหรับคนรุ่นใหม่ รุ่นสีเขียวสเตนนี้มาพร้อมกราฟิกสกรีนสุดโดดเด่นที่ตัดกับลายไม้ได้อย่างมีสไตล์ ผลิตในสหรัฐอเมริกาด้วยไม้เมเปิลแคนาเดียน 7 ชั้นคุณภาพสูง แข็งแรงทนทาน ให้ฟีลลิ่งแบบสเกตบอร์ดยุคเก่าแต่ได้มาตรฐานการผลิตสมัยใหม่ เหมาะสำหรับนักสเกตที่ชื่นชอบรูปทรงวินเทจพร้อมกลิ่นอายพังก์ และนักสะสมที่ต้องการเติมเต็มคอลเลกชัน Brand X reissue ของตนเอง,
BX-12-2,RiotStick REISSUE Red,Brand-x,Skateboard deck,4280.00,https://res.cloudinary.com/dfiomi0lb/image/upload/v1773763694/Riot_Stick_Red_Stain.png,"https://res.cloudinary.com/dfiomi0lb/image/upload/v1773763694/Riot_Stick_Red_Stain.png,
https://res.cloudinary.com/dfiomi0lb/image/upload/v1773763700/Riot_Stick_White.png,
https://res.cloudinary.com/dfiomi0lb/image/upload/v1773763693/Riot_Stick_Green.png",Red,Deck only,"RiotStick REISSUE deck from Brand X Skateboards in bold red stain. The RiotStick name captures the rebellious, punk rock energy that defined Brand X's identity during the late 80s and early 90s. This modern reissue in red stain offers a classic colorway that was frequently used on Brand X's most aggressive models. The screen-printed RiotStick graphics stand out vividly against the red background. Built in the USA with 7-ply Hard Rock Canadian maple, this deck combines the look and feel of vintage Brand X with the quality of contemporary manufacturing. Perfect for skaters who want to ride a piece of skate history or collectors seeking a complete set of RiotStick colorways.","• Model: RiotStick REISSUE
• Brand: Brand X Skateboards
• Width: 8.75 – 9.5 inches
• Length: 31.5 – 32.25 inches
• Wheelbase: 14.25 – 14.5 inches
• Construction: 7-ply Hard Rock Canadian maple
• Shape: Old school reissue shape, double kick
• Finish: Green stain / RiotStick graphic
• Origin: Made in USA
• Era: Modern reissue (2010s–2020s)
• Notes: Part of Brand X's effort to bring back their complete classic catalog",1,ไรออทสติ๊ก รีอิชชู สีแดง,เด็ค RiotStick REISSUE จาก Brand X Skateboards ในสีแดงสดโดดเด่น ชื่อ RiotStick สะท้อนพลังแห่งความขบถและกลิ่นอายพังค์ร็อกที่เป็นเอกลักษณ์ของ Brand X ในช่วงปลายยุค 80s ถึงต้นยุค 90s รุ่นรีอิชชูสีแดงนี้นำเสนอเฉดสีคลาสสิกที่เคยถูกใช้กับโมเดลสุดดุดันของ Brand X อยู่บ่อยครั้ง กราฟิก RiotStick แบบสกรีนพิมพ์โดดเด่นสะดุดตาบนพื้นหลังสีแดง ผลิตในสหรัฐอเมริกาด้วยไม้เมเปิ้ลแคนาดา 7 ชั้นคุณภาพสูง ให้สัมผัสและรูปลักษณ์แบบวินเทจของ Brand X ผสานกับมาตรฐานการผลิตยุคใหม่ เหมาะสำหรับนักสเก็ตที่ต้องการสัมผัสประสบการณ์ประวัติศาสตร์ของสเก็ตบอร์ด หรือสำหรับนักสะสมที่ต้องการครบทุกเฉดสีของ RiotStick,
OR-0901,Ride Mille,Outride,Surfskate,14900.00,https://res.cloudinary.com/dfiomi0lb/image/upload/v1773763836/Ride_Mill.png,"https://res.cloudinary.com/dfiomi0lb/image/upload/v1773763819/ride_mille_f.jpg
,https://res.cloudinary.com/dfiomi0lb/image/upload/v1773763814/ride_mille_b4.jpg
https://res.cloudinary.com/dfiomi0lb/image/upload/v1773763813/mi6.jpg,https://res.cloudinary.com/dfiomi0lb/image/upload/v1773763806/mi2.jpg
https://res.cloudinary.com/dfiomi0lb/image/upload/v1773763817/outride_cosmic.jpg,https://res.cloudinary.com/dfiomi0lb/image/upload/v1773763824/rm_1.jpg",Cream,Surfskate,"The Ride Mille is a premium surfskate developed and handcrafted entirely in Italy. The name ""Mille"" (Italian for ""thousand"") refers to the thousand-lira banknote graphic resin-coated into the fiberglass cloth—a tribute to Marco Polo and Italian cultural heritage. Built with birch wood for lightweight flexibility, this board features a wave concave with sharp live edges for enhanced sole grip during overpressure maneuvers. The winged tail provides stability and back foot support, while the extended wheelbase delivers speed, stability, and radical performance—transforming the Mille into a true ""wave machine."" Suitable for everything from surfskate cruising to power surfing. Each board is handcrafted with micro-imperfections that make it unique. The traditional grip tape is replaced with resin and medium-grain quartz microspheres for transparency and durability. If it's too beautiful to ride, hang it on the wall as a piece of Italian cultural art. [citation:1]","• Model: Ride Mille
• Type: Complete surfskate
• Length: 32.25 inches (32 1/4"")
• Width: 9.5 inches (9 1/2"")
• Construction: Birch wood
• Shape: Wave concave with sharp live edges, winged tail
• Grip: Resin with medium-grain quartz microspheres
• Trucks: Cosmic
• Bushings: 88A SHR
• Wheels: SHR 78A PU, 75 x 56 mm – Stone finished
• Bearings: Abec 9 with integrated spacers
• Riser: 2 x 3 mm
• Origin: Made in Italy, handcrafted
• Era: Released 2021 / Current model
• Notes: Mille graphic features thousand-lira banknote resin art",1,ไรด์ มิลเล่,"Ride Mille คือเซิร์ฟสเก็ตระดับพรีเมียมที่พัฒนาและผลิตด้วยมือทั้งหมดในอิตาลี ชื่อ ""Mille"" (แปลว่า ""พัน"" ในภาษาอิตาเลียน) มาจากกราฟิกธนบัตรพันลิราที่เคลือบเรซินลงบนผ้าไฟเบอร์กลาส เป็นการแสดงความเคารพต่อมาร์โคโปโลและมรดกทางวัฒนธรรมของอิตาลี ตัวบอร์ดผลิตจากไม้เบิร์ชเพื่อความยืดหยุ่นและน้ำหนักเบา มีดีไซน์เวฟคอนเคฟพร้อมขอบคมเพื่อเพิ่มการยึดเกาะของฝ่าเท้าในขณะเล่นท่าที่ต้องใช้แรงกดสูง ปลายบอร์ดทรงปีกช่วยเพิ่มความมั่นคงและรองรับเท้าหลัง ขณะที่ระยะฐานล้อยาวช่วยให้ได้ความเร็ว ความเสถียร และสมรรถนะที่โดดเด่น เปลี่ยน Mille ให้กลายเป็น ""เครื่องสร้างคลื่น"" อย่างแท้จริง เหมาะสำหรับทั้งการเล่นเซิร์ฟสเก็ตแบบชิลล์หรือการเล่นแบบพาวเวอร์เซิร์ฟ

ทุกแผ่นผลิตด้วยมืออย่างประณีต มีรายละเอียดเล็กๆ ที่แตกต่างกันในแต่ละชิ้น ทำให้แต่ละบอร์ดมีเอกลักษณ์เฉพาะตัว แทนที่การใช้กระดาษทรายแบบดั้งเดิมด้วยการเคลือบเรซินและเม็ดควอตซ์ขนาดกลาง เพื่อความโปร่งใสและทนทาน หากคุณรู้สึกว่ามันสวยเกินกว่าจะเล่น ก็สามารถแขวนโชว์เป็นงานศิลปะวัฒนธรรมอิตาเลียนได้เช่นกัน",
OR-0101,Easy Ride,Outride,Surfskate,11500.00,https://res.cloudinary.com/dfiomi0lb/image/upload/v1773763825/Easy_ride_c.png,"https://res.cloudinary.com/dfiomi0lb/image/upload/v1774202990/Black_easy.jpeg.jpg
https://res.cloudinary.com/dfiomi0lb/image/upload/v1774202990/White_easy.jpeg.jpg
https://res.cloudinary.com/dfiomi0lb/image/upload/v1774202989/Pink_easy.jpeg.jpg
https://res.cloudinary.com/dfiomi0lb/image/upload/v1774202989/Easy_ride_side.jpeg.jpg","Red, White,Black",Surfskate,"The Easy Ride surfskate is designed for shortboard enthusiasts who want simple yet radical surfing on land. With dimensions of 32"" x 10"", this board features a 7-ply Canadian maple deck for exceptional stability and durability. The Cosmic trucks paired with 88A SHR bushings provide precise control and responsiveness for tight, fast turns. The 75 x 56 mm 78A glossy finish wheels offer excellent grip and shock absorption, while Abec 9 bearings with integrated spacers deliver superior speed and reduced friction. The wave concave and stamped grip tape ensure a secure foothold for executing fluid, precise maneuvers. Perfect for both beginners and experts looking to link infinite turns from deep bottoms to round re-entries while maintaining stellar speed. [citation:2][citation:4]","• Model: Easy Ride
• Type: Complete surfskate
• Length: 32 inches
• Width: 10 inches
• Construction: 7-ply Canadian maple
• Shape: Wave concave
• Grip: Stamped grip tape
• Trucks: Cosmic
• Bushings: 88A SHR
• Wheels: SHR 78A PU, 75 x 56 mm – Glossy finished
• Bearings: Abec 9 with integrated spacers
• Riser: 2 x 3 mm
• Origin: Made in Italy
• Era: Current model
• Notes: Designed for shortboard enthusiasts seeking radical performance",1,อีซี่ไรด์,"Easy Ride surfskate ถูกออกแบบมาสำหรับผู้ที่ชื่นชอบเซิร์ฟบอร์ดแบบสั้นที่ต้องการสัมผัสประสบการณ์เซิร์ฟสุดมันส์บนบกอย่างง่ายดายแต่ยังคงความเร้าใจ ด้วยขนาด 32"" x 10"" กระดานผลิตจากไม้เมเปิ้ลแคนาดา 7 ชั้น ให้ความมั่นคงและทนทานเป็นพิเศษ

ชุด Cosmic trucks พร้อมบูช 88A SHR มอบการควบคุมที่แม่นยำและตอบสนองได้ดีเยี่ยม เหมาะสำหรับการเข้าโค้งแคบและรวดเร็ว ล้อขนาด 75 x 56 มม. ความแข็ง 78A ผิวมันเงา ช่วยให้ยึดเกาะพื้นผิวได้ดีและซับแรงกระแทกได้อย่างยอดเยี่ยม ตลับลูกปืน Abec 9 พร้อมตัวเว้นระยะในตัว ช่วยให้ความเร็วสูงและลดแรงเสียดทาน

ดีไซน์เวฟคอนเคฟและแผ่นกริปเทปแบบปั๊มลาย ช่วยให้ยืนมั่นคง เหมาะสำหรับการเคลื่อนไหวที่ลื่นไหลและแม่นยำ เหมาะสำหรับทั้งมือใหม่และมืออาชีพที่ต้องการเชื่อมต่อการเข้าโค้งอย่างต่อเนื่องจากจุดต่ำสุดถึงจุดกลับตัว พร้อมรักษาความเร็วได้อย่างยอดเยี่ยม",
OR-0501,Ride Fish,Outride,Surfskate,11800.00,https://res.cloudinary.com/dfiomi0lb/image/upload/v1773763835/Ride_fish.png,"https://res.cloudinary.com/dfiomi0lb/image/upload/v1774204328/Wood_fish_side.jpeg.jpg
https://res.cloudinary.com/dfiomi0lb/image/upload/v1774202991/Wood_fish_bottom.jpeg.jpg",white,Surfskate,"The Ride Fish is Outride's classic fish-shaped surfskate—a versatile board that bridges the gap between surfing and skateboarding. Inspired by traditional fish surfboard shapes, this model offers a loose, fluid ride perfect for carving, cruising, and generating speed through pumping. The fish tail provides a stable platform for back foot placement while maintaining the maneuverability that makes fish shapes so beloved in both water and concrete surfing. Part of Outride's commitment to creating surfskates that mirror the feel of actual surfing, the Ride Fish delivers flow and style across flat ground, bowls, and transitional terrain. Built with high-quality components including Cosmic trucks and SHR wheels, this complete surfskate is ready to ride out of the box. [citation:2]","• Model: Ride Fish
• Type: Complete surfskate
• Length: 32 – 34 inches
• Width: 9.5 – 10 inches
• Construction: 7-ply Canadian maple
• Shape: Fish tail, classic surfskate geometry
• Grip: Stamped grip tape
• Trucks: Cosmic
• Bushings: 88A SHR
• Wheels: SHR 78A PU, 75 x 56 mm
• Bearings: Abec 9 with integrated spacers
• Origin: Made in Italy
• Era: Core model / Current
• Notes: Inspired by traditional fish surfboard shapes",1,กระดานโต้คลื่นรูปปลา,"Ride Fish คือเซิร์ฟสเก็ตทรงฟิชสุดคลาสสิกจาก Outride ที่ออกแบบมาเพื่อเชื่อมต่อประสบการณ์ระหว่างการเล่นเซิร์ฟและสเก็ตบอร์ดอย่างลงตัว ได้แรงบันดาลใจจากรูปทรงฟิชของเซิร์ฟบอร์ดดั้งเดิม รุ่นนี้มอบสัมผัสการเล่นที่ลื่นไหล คล่องตัว เหมาะสำหรับการคาร์ฟ การครูซ และการเร่งความเร็วด้วยการปั๊ม ฟิชเทลช่วยให้วางเท้าหลังได้มั่นคง ขณะเดียวกันก็ยังคงความคล่องแคล่วที่เป็นเอกลักษณ์ของบอร์ดทรงฟิชทั้งในน้ำและบนพื้นคอนกรีต

Ride Fish เป็นส่วนหนึ่งของความมุ่งมั่นจาก Outride ในการสร้างเซิร์ฟสเก็ตที่ถ่ายทอดความรู้สึกเหมือนเล่นเซิร์ฟจริงๆ ให้คุณสัมผัสความลื่นไหลและสไตล์ได้ทั้งบนพื้นเรียบ ในโบลว์ หรือบนทางลาดเปลี่ยนระดับ ผลิตจากวัสดุคุณภาพสูง พร้อมอุปกรณ์ Cosmic trucks และล้อ SHR ที่ทนทาน เซิร์ฟสเก็ตรุ่นนี้พร้อมให้คุณสนุกได้ทันทีตั้งแต่แกะกล่อง",
OR-1001,Ride Fish wood line,Outride,Surfskate,13500.00,https://res.cloudinary.com/dfiomi0lb/image/upload/v1773763835/Ride_fish.png,"https://res.cloudinary.com/dfiomi0lb/image/upload/v1774204328/Wood_fish_side.jpeg.jpg
https://res.cloudinary.com/dfiomi0lb/image/upload/v1774202991/Wood_fish_bottom.jpeg.jpg",Wood,Surfskate,"The Ride Fish Wood Line is a natural wood finish version of Outride's classic fish-shaped surfskate. This variant showcases the beauty of the multi-ply wood construction, allowing the natural grain to show through without colored stains or heavy graphics. The minimalist aesthetic appeals to purists who appreciate the natural materials and craftsmanship behind each handcrafted board. All the performance characteristics of the standard Ride Fish remain—loose, fluid pumping action, fish tail stability, and the ability to generate speed through carving. A perfect choice for riders who prefer a clean, organic look that ages beautifully over time. Part of Outride's expanding wood line series celebrating raw material beauty.","• Model: Ride Fish Wood Line
• Type: Complete surfskate
• Length: 32 – 34 inches
• Width: 9.5 – 10 inches
• Construction: 7-ply Canadian maple
• Shape: Fish tail, classic surfskate geometry
• Finish: Natural wood
• Grip: Stamped grip tape
• Trucks: Cosmic
• Bushings: 88A SHR
• Wheels: SHR 78A PU, 75 x 56 mm
• Bearings: Abec 9 with integrated spacers
• Origin: Made in Italy
• Era: Current / Wood line series
• Notes: Natural wood finish showcasing maple grain",1,กระดานโต้คลื่นไม้ Ride Fish,"Ride Fish Wood Line คือเวอร์ชันลายไม้ธรรมชาติของเซิร์ฟสเก็ตทรงปลาแบบคลาสสิกจาก Outride รุ่นนี้โดดเด่นด้วยการโชว์ความงามของโครงสร้างไม้หลายชั้น โดยปล่อยให้ลายไม้ธรรมชาติปรากฏชัดเจนโดยไม่มีการย้อมสีหรือกราฟิกหนัก ๆ สไตล์มินิมอลนี้เหมาะสำหรับผู้ที่ชื่นชอบความเรียบง่ายและให้คุณค่ากับวัสดุธรรมชาติและงานฝีมือที่ประณีตในแต่ละแผ่น

Ride Fish Wood Line ยังคงคุณสมบัติการเล่นเหมือนรุ่นมาตรฐาน ไม่ว่าจะเป็นการปั๊มที่ลื่นไหล การทรงตัวที่มั่นคงด้วยปลายหางปลา และการเร่งความเร็วผ่านการแกะสลักทางโค้ง เหมาะอย่างยิ่งสำหรับผู้ขี่ที่ชื่นชอบลุคสะอาดตาแบบออร์แกนิกที่สวยงามขึ้นตามกาลเวลา เป็นส่วนหนึ่งของซีรีส์ Wood Line จาก Outride ที่เฉลิมฉลองความงามของวัสดุไม้ธรรมชาติ",
OR-1101,Ride Punk wood line,Outride,Surfskate,13500.00,https://res.cloudinary.com/dfiomi0lb/image/upload/v1773763840/Ride_punk.png,"https://res.cloudinary.com/dfiomi0lb/image/upload/v1774202990/Wood_punk_top.jpeg.jpg
https://res.cloudinary.com/dfiomi0lb/image/upload/v1774202989/Punk_Side.jpeg.jpg",Wood,Surfskate,"The Ride Punk Wood Line is a wood finish variant of Outride's punk-inspired surfskate model. This board embraces the rebellious, raw aesthetic of punk culture while showcasing the natural beauty of the wood construction. The natural finish allows the craftsmanship to take center stage, with no colored stains to distract from the organic material. Designed for aggressive, expressive riding styles that match the punk ethos—loose, fast, and unapologetic. The wood line treatment gives this board a timeless, durable appearance that develops character with use. Perfect for riders who want performance with an understated, authentic look.","• Model: Ride Punk Wood Line
• Type: Complete surfskate
• Length: Standard
• Width: Standard
• Construction: Multi-ply wood
• Finish: Natural wood
• Shape: Punk-inspired aggressive geometry
• Grip: Stamped grip tape
• Trucks: Cosmic
• Bushings: 88A SHR
• Wheels: SHR 78A PU, 75 x 56 mm
• Bearings: Abec 9 with integrated spacers
• Origin: Made in Italy
• Era: Current / Wood line series
• Notes: Raw aesthetic celebrating punk culture and natural materials",1,,,
OR-1201,Free Ride wood line,Outride,Surfskate,13500.00,https://res.cloudinary.com/dfiomi0lb/image/upload/v1773763836/Free_ride.png,"https://res.cloudinary.com/dfiomi0lb/image/upload/v1774202990/Free_side.jpeg.jpg
https://res.cloudinary.com/dfiomi0lb/image/upload/v1774202990/Free_bot_wood.jpeg.jpg",Wood,Surfskate,"The Free Ride Wood Line is a natural wood finish version of Outride's free-riding surfskate model. Designed for riders who prioritize flow, freedom, and creative expression on concrete, this board features a versatile shape that performs equally well in bowls, on flat ground, and in transitional terrain. The wood finish highlights the quality of the construction materials, with visible plies adding visual interest to the board's profile. The Free Ride platform is known for its forgiving yet responsive feel, making it accessible to progressing surfskaters while offering enough performance for experienced riders seeking to push their limits. The wood line treatment adds a classic, timeless aesthetic to this already versatile board.","• Model: Free Ride Wood Line
• Type: Complete surfskate
• Length: Standard
• Width: Standard
• Construction: Multi-ply wood
• Finish: Natural wood
• Shape: Versatile free-riding geometry
• Grip: Stamped grip tape
• Trucks: Cosmic
• Bushings: 88A SHR
• Wheels: SHR 78A PU, 75 x 56 mm
• Bearings: Abec 9 with integrated spacers
• Origin: Made in Italy
• Era: Current / Wood line series
• Notes: Designed for flow, freedom, and creative expression",1,,,
OR-1301,Ride Fluid wood line,Outride,Surfskate,13500.00,https://res.cloudinary.com/dfiomi0lb/image/upload/v1773763836/Free_ride.png,"https://res.cloudinary.com/dfiomi0lb/image/upload/v1774204335/fluid_wood_bot.jpeg.jpg
https://res.cloudinary.com/dfiomi0lb/image/upload/v1774204334/Fluid_wood_side.jpeg.jpg",Wood,Surfskate,"The Ride Fluid Wood Line is a natural wood finish version of Outride's Fluid model—a surfskate designed for smooth, flowing transitions and effortless carving. True to its name, the Fluid platform emphasizes continuous motion, allowing riders to link turns and generate speed through subtle weight shifts and pumping. The wood finish variant strips away colored graphics to reveal the natural beauty of the layered wood construction, with visible plies adding depth and character. This board is for riders who value the connection between material and motion—where the natural feel of the wood complements the fluid riding experience. A sophisticated choice for those who appreciate understated design and high performance.","• Model: Ride Fluid Wood Line
• Type: Complete surfskate
• Length: Standard
• Width: Standard
• Construction: Multi-ply wood
• Finish: Natural wood
• Shape: Fluid, continuous-motion geometry
• Grip: Stamped grip tape
• Trucks: Cosmic
• Bushings: 88A SHR
• Wheels: SHR 78A PU, 75 x 56 mm
• Bearings: Abec 9 with integrated spacers
• Origin: Made in Italy
• Era: Current / Wood line series
• Notes: Emphasizes smooth transitions and effortless carving",1,,,
OR-1401,Easy Ride wood line,Outride,Surfskate,12900.00,https://res.cloudinary.com/dfiomi0lb/image/upload/v1773763834/Easy_ride_w.png,"https://res.cloudinary.com/dfiomi0lb/image/upload/v1774202989/Easy_ride_side.jpeg.jpg
https://res.cloudinary.com/dfiomi0lb/image/upload/v1773763834/Easy_ride_w.png",Wood,Surfskate,"The Easy Ride Wood Line is a natural wood finish version of Outride's popular Easy Ride surfskate. Building on the same 32"" x 10"" platform with 7-ply Canadian maple construction, this variant replaces the stamped grip tape and colored graphics with a clean, natural wood aesthetic. The wave concave and responsive Cosmic truck setup remain unchanged, delivering the same stable, radical performance that made the Easy Ride a favorite among shortboard enthusiasts. The wood finish appeals to riders who prefer minimalist design and want a board that showcases the craftsmanship behind each Outride product. Perfect for those who want Easy Ride performance with a timeless, natural look.","• Model: Easy Ride Wood Line
• Type: Complete surfskate
• Length: 32 inches
• Width: 10 inches
• Construction: 7-ply Canadian maple
• Finish: Natural wood
• Shape: Wave concave
• Grip: Stamped grip tape
• Trucks: Cosmic
• Bushings: 88A SHR
• Wheels: SHR 78A PU, 75 x 56 mm – Glossy finished
• Bearings: Abec 9 with integrated spacers
• Riser: 2 x 3 mm
• Origin: Made in Italy
• Era: Current / Wood line series
• Notes: Natural wood variant of the classic Easy Ride",1,,,